Date,Member,Rides
4/15/2014,0,48
4/16/2014,0,135
4/17/2014,0,413
4/18/2014,0,566
4/19/2014,0,1159
4/20/2014,0,1417
4/21/2014,0,927
4/22/2014,0,249
4/23/2014,0,415
4/24/2014,0,789
4/25/2014,0,1123
4/26/2014,0,294
4/27/2014,0,609
4/28/2014,0,751
4/29/2014,0,913
4/30/2014,0,317
5/1/2014,0,537
5/2/2014,0,944
5/3/2014,0,1301
5/4/2014,0,345
5/5/2014,0,743
5/6/2014,0,1097
5/7/2014,0,1447
5/8/2014,0,1553
5/9/2014,0,1123
5/10/2014,0,2325
5/11/2014,0,2534
5/12/2014,0,1380
5/13/2014,0,966
5/14/2014,0,1259
5/15/2014,0,1609
5/16/2014,0,546
5/17/2014,0,1795
5/18/2014,0,3624
5/19/2014,0,2888
5/20/2014,0,1980
5/21/2014,0,1733
5/22/2014,0,1022
5/23/2014,0,1457
5/24/2014,0,4369
5/25/2014,0,4603
5/26/2014,0,1519
5/27/2014,0,494
5/28/2014,0,930
5/29/2014,0,1954
5/30/2014,0,2022
5/31/2014,0,4287
6/1/2014,0,4192
6/2/2014,0,2485
6/3/2014,0,1110
6/4/2014,0,1714
6/5/2014,0,1254
6/6/2014,0,2193
6/7/2014,0,4647
6/8/2014,0,3554
6/9/2014,0,1792
6/10/2014,0,1756
6/11/2014,0,1229
6/12/2014,0,329
6/13/2014,0,439
6/14/2014,0,2135
6/15/2014,0,2880
6/16/2014,0,1718
6/17/2014,0,1574
6/18/2014,0,1559
6/19/2014,0,2046
6/20/2014,0,2363
6/21/2014,0,3433
6/22/2014,0,3620
6/23/2014,0,2352
6/24/2014,0,856
6/25/2014,0,1417
6/26/2014,0,2338
6/27/2014,0,2979
6/28/2014,0,4942
6/29/2014,0,4338
6/30/2014,0,2908
7/1/2014,0,2700
7/2/2014,0,2159
7/3/2014,0,1904
7/4/2014,0,2923
7/5/2014,0,4835
7/6/2014,0,3567
7/7/2014,0,821
7/8/2014,0,1345
7/9/2014,0,1428
7/10/2014,0,1882
7/11/2014,0,2360
7/12/2014,0,3550
7/13/2014,0,1160
7/14/2014,0,1770
7/15/2014,0,1038
7/16/2014,0,2192
7/17/2014,0,1925
7/18/2014,0,2636
7/19/2014,0,4576
7/20/2014,0,3652
7/21/2014,0,2496
7/22/2014,0,2494
7/23/2014,0,1606
7/24/2014,0,2759
7/25/2014,0,2699
7/26/2014,0,4633
7/27/2014,0,2463
7/28/2014,0,527
7/29/2014,0,2150
7/30/2014,0,1996
7/31/2014,0,1709
8/1/2014,0,3437
8/2/2014,0,5631
8/3/2014,0,5538
8/4/2014,0,3589
8/5/2014,0,2414
8/6/2014,0,2616
8/7/2014,0,2303
8/8/2014,0,3220
8/9/2014,0,4500
8/10/2014,0,3929
8/11/2014,0,2927
8/12/2014,0,2160
8/13/2014,0,210
8/14/2014,0,1494
8/15/2014,0,1279
8/16/2014,0,1377
8/17/2014,0,2143
8/18/2014,0,2351
8/19/2014,0,2589
8/20/2014,0,2580
8/21/2014,0,2064
8/22/2014,0,2458
8/23/2014,0,3947
8/24/2014,0,3625
8/25/2014,0,2301
8/26/2014,0,2225
8/27/2014,0,2280
8/28/2014,0,1905
8/29/2014,0,3083
8/30/2014,0,5367
8/31/2014,0,3957
9/1/2014,0,3349
9/2/2014,0,1491
9/3/2014,0,1762
9/4/2014,0,1634
9/5/2014,0,1553
9/6/2014,0,1166
9/7/2014,0,2254
9/8/2014,0,1329
9/9/2014,0,1506
9/10/2014,0,1531
9/11/2014,0,574
9/12/2014,0,1104
9/13/2014,0,533
9/14/2014,0,1059
9/15/2014,0,904
9/16/2014,0,917
9/17/2014,0,807
9/18/2014,0,871
9/19/2014,0,1432
9/20/2014,0,1756
9/21/2014,0,905
9/22/2014,0,1123
9/23/2014,0,815
9/24/2014,0,910
9/25/2014,0,1148
9/26/2014,0,1674
9/27/2014,0,2909
9/28/2014,0,2568
9/29/2014,0,832
9/30/2014,0,752
10/1/2014,0,723
10/2/2014,0,919
10/3/2014,0,1467
10/4/2014,0,325
10/5/2014,0,915
10/6/2014,0,607
10/7/2014,0,488
10/8/2014,0,304
10/9/2014,0,337
10/10/2014,0,657
10/11/2014,0,1520
10/12/2014,0,1977
10/13/2014,0,1353
10/14/2014,0,1020
10/15/2014,0,620
10/16/2014,0,299
10/17/2014,0,890
10/18/2014,0,901
10/19/2014,0,554
10/20/2014,0,344
10/21/2014,0,169
10/22/2014,0,242
10/23/2014,0,171
10/24/2014,0,488
10/25/2014,0,658
10/26/2014,0,548
10/27/2014,0,501
10/28/2014,0,270
10/29/2014,0,435
10/30/2014,0,437
10/31/2014,0,486
11/1/2014,0,415
11/2/2014,0,402
11/3/2014,0,229
11/4/2014,0,182
11/5/2014,0,218
11/6/2014,0,258
11/7/2014,0,180
11/8/2014,0,313
11/9/2014,0,218
11/10/2014,0,243
11/11/2014,0,303
11/12/2014,0,159
11/13/2014,0,152
11/14/2014,0,172
11/15/2014,0,171
4/15/2015,0,557
4/16/2015,0,859
4/17/2015,0,1164
4/18/2015,0,884
4/19/2015,0,1857
4/20/2015,0,270
4/21/2015,0,330
4/22/2015,0,282
4/23/2015,0,283
4/24/2015,0,345
4/25/2015,0,995
4/26/2015,0,1278
4/27/2015,0,587
4/28/2015,0,1235
4/29/2015,0,1370
4/30/2015,0,1514
5/1/2015,0,2280
5/2/2015,0,4830
5/3/2015,0,4202
5/4/2015,0,1803
5/5/2015,0,1987
5/6/2015,0,2212
5/7/2015,0,2436
5/8/2015,0,3309
5/9/2015,0,3806
5/10/2015,0,2443
5/11/2015,0,458
5/12/2015,0,1026
5/13/2015,0,1748
5/14/2015,0,2174
5/15/2015,0,2650
5/16/2015,0,3973
5/17/2015,0,6868
5/18/2015,0,4145
5/19/2015,0,1927
5/20/2015,0,1575
5/21/2015,0,2211
5/22/2015,0,1738
5/23/2015,0,3910
5/24/2015,0,5356
5/25/2015,0,1099
5/26/2015,0,2227
5/27/2015,0,2203
5/28/2015,0,1768
5/29/2015,0,4295
5/30/2015,0,4999
5/31/2015,0,3119
6/1/2015,0,1529
6/2/2015,0,999
6/3/2015,0,2241
6/4/2015,0,2811
6/5/2015,0,2100
6/6/2015,0,5867
6/7/2015,0,4560
6/8/2015,0,922
6/9/2015,0,1092
6/10/2015,0,2021
6/11/2015,0,2182
6/12/2015,0,1346
6/13/2015,0,6183
6/14/2015,0,5665
6/15/2015,0,2860
6/16/2015,0,1195
6/17/2015,0,3152
6/18/2015,0,2583
6/19/2015,0,3578
6/20/2015,0,6018
6/21/2015,0,3267
6/22/2015,0,2734
6/23/2015,0,2172
6/24/2015,0,4657
6/25/2015,0,3295
6/26/2015,0,4015
6/27/2015,0,7187
6/28/2015,0,1112
6/29/2015,0,3306
6/30/2015,0,3508
7/1/2015,0,1268
7/2/2015,0,3579
7/3/2015,0,5729
7/4/2015,0,8245
7/5/2015,0,5728
7/6/2015,0,3233
7/7/2015,0,2143
7/8/2015,0,3222
7/9/2015,0,3324
7/10/2015,0,3956
7/11/2015,0,5521
7/12/2015,0,4781
7/13/2015,0,2911
7/14/2015,0,2910
7/15/2015,0,3477
7/16/2015,0,3459
7/17/2015,0,3209
7/18/2015,0,4328
7/19/2015,0,3309
7/20/2015,0,3594
7/21/2015,0,1588
7/22/2015,0,3015
7/23/2015,0,3176
7/24/2015,0,3587
7/25/2015,0,6052
7/26/2015,0,4594
7/27/2015,0,2795
7/28/2015,0,3211
7/29/2015,0,3566
7/30/2015,0,3386
7/31/2015,0,4757
8/1/2015,0,6802
8/2/2015,0,6968
8/3/2015,0,3880
8/4/2015,0,3525
8/5/2015,0,3471
8/6/2015,0,3307
8/7/2015,0,3911
8/8/2015,0,6103
8/9/2015,0,5108
8/10/2015,0,3545
8/11/2015,0,1181
8/12/2015,0,2608
8/13/2015,0,3412
8/14/2015,0,2296
8/15/2015,0,5790
8/16/2015,0,5242
8/17/2015,0,3617
8/18/2015,0,3451
8/19/2015,0,3255
8/20/2015,0,3404
8/21/2015,0,3894
8/22/2015,0,5919
8/23/2015,0,5645
8/24/2015,0,3159
8/25/2015,0,3245
8/26/2015,0,3346
8/27/2015,0,3333
8/28/2015,0,4255
8/29/2015,0,5258
8/30/2015,0,4943
8/31/2015,0,3244
9/1/2015,0,3038
9/2/2015,0,2947
9/3/2015,0,3010
9/4/2015,0,3738
9/5/2015,0,6882
9/6/2015,0,7362
9/7/2015,0,4560
9/8/2015,0,2425
9/9/2015,0,2086
9/10/2015,0,2550
9/11/2015,0,3308
9/12/2015,0,1567
9/13/2015,0,684
9/14/2015,0,1216
9/15/2015,0,2000
9/16/2015,0,2167
9/17/2015,0,2391
9/18/2015,0,3240
9/19/2015,0,4086
9/20/2015,0,3796
9/21/2015,0,2168
9/22/2015,0,3085
9/23/2015,0,2216
9/24/2015,0,2290
9/25/2015,0,2094
9/26/2015,0,3354
9/27/2015,0,2957
9/28/2015,0,190
9/30/2015,0,1
10/1/2015,0,944
10/2/2015,0,1092
10/3/2015,0,1631
10/4/2015,0,1644
10/5/2015,0,1052
10/6/2015,0,1047
10/7/2015,0,1123
10/8/2015,0,1291
10/9/2015,0,468
10/10/2015,0,1765
10/11/2015,0,2228
10/12/2015,0,2534
10/13/2015,0,655
10/14/2015,0,770
10/15/2015,0,787
10/16/2015,0,1055
10/17/2015,0,683
10/18/2015,0,703
10/19/2015,0,448
10/20/2015,0,794
10/21/2015,0,661
10/22/2015,0,864
10/23/2015,0,858
10/24/2015,0,1355
10/25/2015,0,578
10/26/2015,0,678
10/27/2015,0,757
10/28/2015,0,289
10/29/2015,0,427
10/30/2015,0,734
10/31/2015,0,1006
11/1/2015,0,442
11/2/2015,0,668
11/3/2015,0,687
11/4/2015,0,704
11/5/2015,0,926
11/6/2015,0,748
11/7/2015,0,1172
11/8/2015,0,853
11/9/2015,0,608
11/10/2015,0,532
11/11/2015,0,502
11/12/2015,0,236
11/13/2015,0,284
11/14/2015,0,400
11/15/2015,0,300
4/15/2016,0,1014
4/16/2016,0,2910
4/17/2016,0,4233
4/18/2016,0,423
4/19/2016,0,994
4/20/2016,0,1242
4/21/2016,0,1904
4/22/2016,0,937
4/23/2016,0,3111
4/24/2016,0,2308
4/25/2016,0,1070
4/26/2016,0,1024
4/27/2016,0,945
4/28/2016,0,1147
4/29/2016,0,1790
4/30/2016,0,4191
5/1/2016,0,981
5/2/2016,0,519
5/3/2016,0,1742
5/4/2016,0,1277
5/5/2016,0,2157
5/6/2016,0,3669
5/7/2016,0,5629
5/8/2016,0,969
5/9/2016,0,1108
5/10/2016,0,2134
5/11/2016,0,2650
5/12/2016,0,3276
5/13/2016,0,1750
5/14/2016,0,3829
5/15/2016,0,1243
5/16/2016,0,658
5/17/2016,0,1222
5/18/2016,0,2139
5/19/2016,0,2288
5/20/2016,0,4488
5/21/2016,0,7558
5/22/2016,0,8514
5/23/2016,0,6157
5/24/2016,0,3462
5/25/2016,0,2739
5/26/2016,0,3517
5/27/2016,0,3186
5/28/2016,0,8423
5/29/2016,0,15729
5/30/2016,0,3765
5/31/2016,0,3215
6/1/2016,0,3721
6/2/2016,0,1855
6/3/2016,0,6019
6/4/2016,0,9127
6/5/2016,0,1811
6/6/2016,0,2946
6/7/2016,0,2851
6/8/2016,0,2102
6/9/2016,0,1608
6/10/2016,0,4161
6/11/2016,0,5782
6/12/2016,0,2972
6/13/2016,0,2422
6/14/2016,0,3145
6/15/2016,0,3331
6/16/2016,0,4057
6/17/2016,0,4966
6/18/2016,0,7919
6/19/2016,0,5978
6/20/2016,0,3220
6/21/2016,0,3455
6/22/2016,0,2226
6/23/2016,0,4092
6/24/2016,0,6659
6/25/2016,0,6882
6/26/2016,0,10540
6/27/2016,0,2321
6/28/2016,0,1966
6/29/2016,0,2455
6/30/2016,0,4344
7/1/2016,0,5594
7/2/2016,0,6906
7/3/2016,0,8948
7/4/2016,0,5270
7/5/2016,0,4765
7/6/2016,0,4291
7/7/2016,0,4423
7/8/2016,0,4603
7/9/2016,0,2230
7/10/2016,0,2940
7/11/2016,0,4063
7/12/2016,0,3884
7/13/2016,0,3727
7/14/2016,0,3247
7/15/2016,0,4150
7/16/2016,0,7649
7/17/2016,0,6834
7/18/2016,0,3403
7/19/2016,0,4342
7/20/2016,0,4567
7/21/2016,0,4503
7/22/2016,0,4646
7/23/2016,0,5076
7/24/2016,0,7112
7/25/2016,0,2355
7/26/2016,0,4778
7/27/2016,0,5364
7/28/2016,0,5777
7/29/2016,0,6417
7/30/2016,0,10700
7/31/2016,0,15706
8/1/2016,0,6096
8/2/2016,0,5337
8/3/2016,0,4955
8/4/2016,0,4979
8/5/2016,0,5331
8/6/2016,0,7775
8/7/2016,0,6991
8/8/2016,0,5127
8/9/2016,0,5166
8/10/2016,0,4868
8/11/2016,0,5230
8/12/2016,0,3518
8/13/2016,0,2115
8/14/2016,0,4419
8/15/2016,0,4917
8/16/2016,0,2027
8/17/2016,0,4549
8/18/2016,0,4841
8/19/2016,0,5939
8/20/2016,0,8313
8/21/2016,0,2742
8/22/2016,0,3951
8/23/2016,0,4467
8/24/2016,0,4822
8/25/2016,0,3196
8/26/2016,0,5834
8/27/2016,0,8301
8/28/2016,0,9714
8/29/2016,0,4475
8/30/2016,0,4197
8/31/2016,0,3752
9/1/2016,0,4281
9/2/2016,0,5093
9/3/2016,0,8154
9/4/2016,0,9529
9/5/2016,0,6949
9/6/2016,0,3534
9/7/2016,0,3482
9/8/2016,0,1848
9/9/2016,0,4174
9/10/2016,0,5112
9/11/2016,0,4035
9/12/2016,0,3043
9/13/2016,0,2916
9/14/2016,0,2244
9/15/2016,0,2880
9/16/2016,0,3906
9/17/2016,0,3889
9/18/2016,0,4027
9/19/2016,0,2814
9/20/2016,0,2697
9/21/2016,0,2986
9/22/2016,0,2490
9/23/2016,0,2771
9/24/2016,0,4588
9/25/2016,0,6365
9/26/2016,0,2199
9/27/2016,0,2289
9/28/2016,0,2124
9/29/2016,0,2165
9/30/2016,0,2718
10/1/2016,0,3892
10/2/2016,0,2154
10/3/2016,0,2258
10/4/2016,0,2192
10/5/2016,0,2218
10/6/2016,0,2627
10/7/2016,0,3588
10/8/2016,0,1162
10/9/2016,0,3521
10/10/2016,0,2277
10/11/2016,0,1866
10/12/2016,0,2008
10/13/2016,0,869
10/14/2016,0,1869
10/15/2016,0,3000
10/16/2016,0,772
10/17/2016,0,1365
10/18/2016,0,1276
10/19/2016,0,1886
10/20/2016,0,817
10/21/2016,0,341
10/22/2016,0,325
10/23/2016,0,675
10/24/2016,0,741
10/25/2016,0,774
10/26/2016,0,751
10/27/2016,0,599
10/28/2016,0,673
10/29/2016,0,505
10/30/2016,0,2351
10/31/2016,0,781
11/1/2016,0,830
11/2/2016,0,1170
11/3/2016,0,506
11/4/2016,0,905
11/5/2016,0,1143
11/6/2016,0,1103
11/7/2016,0,877
11/8/2016,0,1018
11/9/2016,0,757
11/10/2016,0,790
11/11/2016,0,822
11/12/2016,0,820
11/13/2016,0,1176
11/14/2016,0,792
11/15/2016,0,741
4/15/2017,0,3668
4/16/2017,0,944
4/17/2017,0,1157
4/18/2017,0,1374
4/19/2017,0,407
4/20/2017,0,1154
4/21/2017,0,704
4/22/2017,0,1523
4/23/2017,0,4296
4/24/2017,0,1372
4/25/2017,0,850
4/26/2017,0,1298
4/27/2017,0,3382
4/28/2017,0,3620
4/29/2017,0,5326
4/30/2017,0,1376
5/1/2017,0,207
5/2/2017,0,1726
5/3/2017,0,1472
5/4/2017,0,2559
5/5/2017,0,415
5/6/2017,0,3079
5/7/2017,0,1579
5/8/2017,0,867
5/9/2017,0,1081
5/10/2017,0,1445
5/11/2017,0,1755
5/12/2017,0,3437
5/13/2017,0,3873
5/14/2017,0,1221
5/15/2017,0,2283
5/16/2017,0,3851
5/17/2017,0,4642
5/18/2017,0,4157
5/19/2017,0,4225
5/20/2017,0,8132
5/21/2017,0,7062
5/22/2017,0,1293
5/23/2017,0,3619
5/24/2017,0,3787
5/25/2017,0,2064
5/26/2017,0,1679
5/27/2017,0,8950
5/28/2017,0,19596
5/29/2017,0,1294
5/30/2017,0,1691
5/31/2017,0,3214
6/1/2017,0,3234
6/2/2017,0,2489
6/3/2017,0,4713
6/4/2017,0,6938
6/5/2017,0,750
6/6/2017,0,1454
6/7/2017,0,4373
6/8/2017,0,5189
6/9/2017,0,5334
6/10/2017,0,9195
6/11/2017,0,7316
6/12/2017,0,3931
6/13/2017,0,4218
6/14/2017,0,4318
6/15/2017,0,4742
6/16/2017,0,2784
6/17/2017,0,8169
6/18/2017,0,6637
6/19/2017,0,3565
6/20/2017,0,3469
6/21/2017,0,3867
6/22/2017,0,4777
6/23/2017,0,2822
6/24/2017,0,9287
6/25/2017,0,11464
6/26/2017,0,5055
6/27/2017,0,3360
6/28/2017,0,3834
6/29/2017,0,2470
6/30/2017,0,3695
7/1/2017,0,4912
7/2/2017,0,9123
7/3/2017,0,8724
7/4/2017,0,6372
7/5/2017,0,6078
7/6/2017,0,5624
7/7/2017,0,5252
7/8/2017,0,7158
7/9/2017,0,7705
7/10/2017,0,4172
7/11/2017,0,4339
7/12/2017,0,3749
7/13/2017,0,4526
7/14/2017,0,3009
7/15/2017,0,8300
7/16/2017,0,7570
7/17/2017,0,3784
7/18/2017,0,5363
7/19/2017,0,4374
7/20/2017,0,4822
7/21/2017,0,5446
7/22/2017,0,10268
7/23/2017,0,9344
7/24/2017,0,953
7/25/2017,0,4428
7/26/2017,0,5330
7/27/2017,0,4697
7/28/2017,0,7114
7/29/2017,0,17565
7/30/2017,0,22246
7/31/2017,0,4421
8/1/2017,0,5719
8/2/2017,0,5709
8/3/2017,0,6220
8/4/2017,0,4261
8/5/2017,0,6594
8/6/2017,0,8413
8/7/2017,0,5266
8/8/2017,0,5814
8/9/2017,0,5792
8/10/2017,0,5591
8/11/2017,0,6526
8/12/2017,0,7489
8/13/2017,0,8813
8/14/2017,0,5710
8/15/2017,0,4355
8/16/2017,0,5446
8/17/2017,0,5693
8/18/2017,0,3618
8/19/2017,0,9025
8/20/2017,0,8685
8/21/2017,0,5461
8/22/2017,0,2624
8/23/2017,0,4255
8/24/2017,0,4749
8/25/2017,0,5959
8/26/2017,0,7818
8/27/2017,0,13173
8/28/2017,0,5045
8/29/2017,0,5146
8/30/2017,0,5159
8/31/2017,0,3698
9/1/2017,0,3950
9/2/2017,0,8935
9/3/2017,0,926
9/4/2017,0,3904
9/5/2017,0,2757
9/6/2017,0,2507
9/7/2017,0,1853
9/8/2017,0,3377
9/9/2017,0,5619
9/10/2017,0,5874
9/11/2017,0,3517
9/12/2017,0,3528
9/13/2017,0,3716
9/14/2017,0,3947
9/15/2017,0,4888
9/16/2017,0,7924
9/17/2017,0,6731
9/18/2017,0,3376
9/19/2017,0,3427
9/20/2017,0,3143
9/21/2017,0,3692
9/22/2017,0,5038
9/23/2017,0,7908
9/24/2017,0,10084
9/25/2017,0,3188
9/26/2017,0,3182
9/27/2017,0,2540
9/28/2017,0,2767
9/29/2017,0,2988
9/30/2017,0,4704
10/1/2017,0,4120
10/2/2017,0,2889
10/3/2017,0,2746
10/4/2017,0,1891
10/5/2017,0,2494
10/6/2017,0,3612
10/7/2017,0,3266
10/8/2017,0,4519
10/9/2017,0,798
10/10/2017,0,2518
10/11/2017,0,1885
10/12/2017,0,2367
10/13/2017,0,2999
10/14/2017,0,3660
10/15/2017,0,1772
10/16/2017,0,1243
10/17/2017,0,1329
10/18/2017,0,2091
10/19/2017,0,2227
10/20/2017,0,3111
10/21/2017,0,5091
10/22/2017,0,4408
10/23/2017,0,2621
10/24/2017,0,908
10/25/2017,0,2403
10/26/2017,0,1008
10/27/2017,0,2141
10/28/2017,0,4049
10/29/2017,0,1379
10/30/2017,0,717
10/31/2017,0,1106
11/1/2017,0,1081
11/2/2017,0,464
11/3/2017,0,1433
11/4/2017,0,1887
11/5/2017,0,496
11/6/2017,0,816
11/7/2017,0,744
11/8/2017,0,696
11/9/2017,0,741
11/10/2017,0,367
11/11/2017,0,511
11/12/2017,0,696
11/13/2017,0,439
11/14/2017,0,477
11/15/2017,0,596
4/10/2018,0,215
4/11/2018,0,715
4/12/2018,0,609
4/13/2018,0,1157
4/14/2018,0,751
4/15/2018,0,281
4/16/2018,0,78
4/17/2018,0,194
4/18/2018,0,450
4/19/2018,0,581
4/20/2018,0,1080
4/21/2018,0,3603
4/22/2018,0,4578
4/23/2018,0,2760
4/24/2018,0,2941
4/25/2018,0,645
4/26/2018,0,464
4/27/2018,0,2666
4/28/2018,0,4351
4/29/2018,0,858
4/30/2018,0,1030
5/1/2018,0,2950
5/2/2018,0,3090
5/3/2018,0,1126
5/4/2018,0,1449
5/5/2018,0,7007
5/6/2018,0,6621
5/7/2018,0,3290
5/8/2018,0,4389
5/9/2018,0,4667
5/10/2018,0,2083
5/11/2018,0,3351
5/12/2018,0,7039
5/13/2018,0,6844
5/14/2018,0,3694
5/15/2018,0,2058
5/16/2018,0,3710
5/17/2018,0,3426
5/18/2018,0,4441
5/19/2018,0,3623
5/20/2018,0,6943
5/21/2018,0,7451
5/22/2018,0,1867
5/23/2018,0,3352
5/24/2018,0,4103
5/25/2018,0,4869
5/26/2018,0,6452
5/27/2018,0,10791
5/28/2018,0,3439
5/29/2018,0,4563
5/30/2018,0,4568
5/31/2018,0,4349
6/1/2018,0,5706
6/2/2018,0,10425
6/3/2018,0,9366
6/4/2018,0,515
6/5/2018,0,2325
6/6/2018,0,3272
6/7/2018,0,3876
6/8/2018,0,6290
6/9/2018,0,11023
6/10/2018,0,8418
6/11/2018,0,4686
6/12/2018,0,4494
6/13/2018,0,2424
6/14/2018,0,1523
6/15/2018,0,5559
6/16/2018,0,9000
6/17/2018,0,7354
6/18/2018,0,2146
6/19/2018,0,4274
6/20/2018,0,3426
6/21/2018,0,4401
6/22/2018,0,5512
6/23/2018,0,5342
6/24/2018,0,6987
6/25/2018,0,6255
6/26/2018,0,4316
6/27/2018,0,3691
6/28/2018,0,3766
6/29/2018,0,5841
6/30/2018,0,7428
7/1/2018,0,7022
7/2/2018,0,4595
7/3/2018,0,4577
7/4/2018,0,4725
7/5/2018,0,4526
7/6/2018,0,6786
7/7/2018,0,9683
7/8/2018,0,7559
7/9/2018,0,4120
7/10/2018,0,4349
7/11/2018,0,4759
7/12/2018,0,4518
7/13/2018,0,5986
7/14/2018,0,8778
7/15/2018,0,7490
7/16/2018,0,4504
7/17/2018,0,4445
7/18/2018,0,4946
7/19/2018,0,4873
7/20/2018,0,5637
7/21/2018,0,9188
7/22/2018,0,4162
7/23/2018,0,4230
7/24/2018,0,3752
7/25/2018,0,1616
7/26/2018,0,4497
7/27/2018,0,5976
7/28/2018,0,9322
7/29/2018,0,14701
7/30/2018,0,5083
7/31/2018,0,5473
8/1/2018,0,4608
8/2/2018,0,5917
8/3/2018,0,6651
8/4/2018,0,8262
8/5/2018,0,9726
8/6/2018,0,5169
8/7/2018,0,4082
8/8/2018,0,4320
8/9/2018,0,5339
8/10/2018,0,6988
8/11/2018,0,9775
8/12/2018,0,8562
8/13/2018,0,5080
8/14/2018,0,5043
8/15/2018,0,4890
8/16/2018,0,6055
8/17/2018,0,3037
8/18/2018,0,10534
8/19/2018,0,9216
8/20/2018,0,5396
8/21/2018,0,4910
8/22/2018,0,3174
8/23/2018,0,5768
8/24/2018,0,6893
8/25/2018,0,9973
8/26/2018,0,8237
8/27/2018,0,5208
8/28/2018,0,4449
8/29/2018,0,4129
8/30/2018,0,5330
8/31/2018,0,6919
9/1/2018,0,9917
9/2/2018,0,5060
9/3/2018,0,4785
9/4/2018,0,4740
9/5/2018,0,3941
9/6/2018,0,4388
9/7/2018,0,5673
9/8/2018,0,7133
9/9/2018,0,5377
9/10/2018,0,2447
9/11/2018,0,2352
9/12/2018,0,3599
9/13/2018,0,4246
9/14/2018,0,5127
9/15/2018,0,7750
9/16/2018,0,7198
9/17/2018,0,3890
9/18/2018,0,2904
9/19/2018,0,2670
9/20/2018,0,2947
9/21/2018,0,1785
9/22/2018,0,5693
9/23/2018,0,4295
9/24/2018,0,2269
9/25/2018,0,851
9/26/2018,0,1455
9/27/2018,0,3284
9/28/2018,0,4059
9/29/2018,0,4531
9/30/2018,0,6003
10/1/2018,0,2372
10/2/2018,0,837
10/3/2018,0,1793
10/4/2018,0,1862
10/5/2018,0,2508
10/6/2018,0,2637
10/7/2018,0,3109
10/8/2018,0,1502
10/9/2018,0,2922
10/10/2018,0,1501
10/11/2018,0,949
10/12/2018,0,2081
10/13/2018,0,2438
10/14/2018,0,2751
10/15/2018,0,887
10/16/2018,0,1242
10/17/2018,0,1180
10/18/2018,0,1105
10/19/2018,0,2359
10/20/2018,0,2498
10/21/2018,0,1342
10/22/2018,0,1202
10/23/2018,0,1154
10/24/2018,0,979
10/25/2018,0,984
10/26/2018,0,1446
10/27/2018,0,917
10/28/2018,0,938
10/29/2018,0,501
10/30/2018,0,814
10/31/2018,0,419
11/1/2018,0,945
11/2/2018,0,686
11/3/2018,0,516
11/4/2018,0,1449
11/5/2018,0,442
11/6/2018,0,497
11/7/2018,0,832
11/8/2018,0,920
11/9/2018,0,603
11/10/2018,0,709
11/11/2018,0,565
11/12/2018,0,569
11/13/2018,0,335
11/14/2018,0,246
11/15/2018,0,338
4/14/2019,0,3233
4/15/2019,0,375
4/16/2019,0,895
4/17/2019,0,2542
4/18/2019,0,1145
4/19/2019,0,462
4/20/2019,0,831
4/21/2019,0,5597
4/22/2019,0,5477
4/23/2019,0,2644
4/24/2019,0,812
4/25/2019,0,2063
4/26/2019,0,558
4/27/2019,0,768
4/28/2019,0,2562
4/29/2019,0,2111
4/30/2019,0,2631
5/1/2019,0,1325
5/2/2019,0,1549
5/3/2019,0,1095
5/4/2019,0,6780
5/5/2019,0,8780
5/6/2019,0,4561
5/7/2019,0,3113
5/8/2019,0,3267
5/9/2019,0,2374
5/10/2019,0,1224
5/11/2019,0,4587
5/12/2019,0,5500
5/13/2019,0,2107
5/14/2019,0,902
5/15/2019,0,2855
5/16/2019,0,4166
5/17/2019,0,2832
5/18/2019,0,6670
5/19/2019,0,5224
5/20/2019,0,5160
5/21/2019,0,2515
5/22/2019,0,4255
5/23/2019,0,2152
5/24/2019,0,4196
5/25/2019,0,5997
5/26/2019,0,22016
5/27/2019,0,4004
5/28/2019,0,2026
5/29/2019,0,3593
5/30/2019,0,4034
5/31/2019,0,5299
6/1/2019,0,8534
6/2/2019,0,3443
6/3/2019,0,2387
6/4/2019,0,2858
6/5/2019,0,3129
6/6/2019,0,5627
6/7/2019,0,7262
6/8/2019,0,12208
6/9/2019,0,10393
6/10/2019,0,5018
6/11/2019,0,3098
6/12/2019,0,5201
6/13/2019,0,3184
6/14/2019,0,3139
6/15/2019,0,3154
6/16/2019,0,8072
6/17/2019,0,4925
6/18/2019,0,5051
6/19/2019,0,5303
6/20/2019,0,1849
6/21/2019,0,6085
6/22/2019,0,9696
6/23/2019,0,9231
6/24/2019,0,9337
6/25/2019,0,2556
6/26/2019,0,4904
6/27/2019,0,6227
6/28/2019,0,6771
6/29/2019,0,8029
6/30/2019,0,15691
7/1/2019,0,10840
7/2/2019,0,6656
7/3/2019,0,6639
7/4/2019,0,7054
7/5/2019,0,7024
7/6/2019,0,10842
7/7/2019,0,9448
7/8/2019,0,5330
7/9/2019,0,5524
7/10/2019,0,5944
7/11/2019,0,2395
7/12/2019,0,5615
7/13/2019,0,8785
7/14/2019,0,7847
7/15/2019,0,5142
7/16/2019,0,4889
7/17/2019,0,5454
7/18/2019,0,6277
7/19/2019,0,6041
7/20/2019,0,8248
7/21/2019,0,7346
7/22/2019,0,5089
7/23/2019,0,5202
7/24/2019,0,6087
7/25/2019,0,6574
7/26/2019,0,7309
7/27/2019,0,10849
7/28/2019,0,16017
7/29/2019,0,5382
7/30/2019,0,4458
7/31/2019,0,5678
8/1/2019,0,6739
8/2/2019,0,7945
8/3/2019,0,11152
8/4/2019,0,11494
8/5/2019,0,6831
8/6/2019,0,5834
8/7/2019,0,4297
8/8/2019,0,5907
8/9/2019,0,5848
8/10/2019,0,7499
8/11/2019,0,9255
8/12/2019,0,4969
8/13/2019,0,5294
8/14/2019,0,5832
8/15/2019,0,6718
8/16/2019,0,7532
8/17/2019,0,9102
8/18/2019,0,9309
8/19/2019,0,5587
8/20/2019,0,6356
8/21/2019,0,4275
8/22/2019,0,6205
8/23/2019,0,6450
8/24/2019,0,9277
8/25/2019,0,16371
8/26/2019,0,5967
8/27/2019,0,5924
8/28/2019,0,1806
8/29/2019,0,5665
8/30/2019,0,6260
8/31/2019,0,9399
9/1/2019,0,10865
9/2/2019,0,3095
9/3/2019,0,4311
9/4/2019,0,3625
9/5/2019,0,4716
9/6/2019,0,5093
9/7/2019,0,4397
9/8/2019,0,4850
9/9/2019,0,3467
9/10/2019,0,2455
9/11/2019,0,3038
9/12/2019,0,4150
9/13/2019,0,4873
9/14/2019,0,5490
9/15/2019,0,5331
9/16/2019,0,3474
9/17/2019,0,3719
9/18/2019,0,3733
9/19/2019,0,4139
9/20/2019,0,5236
9/21/2019,0,8794
9/22/2019,0,6419
9/23/2019,0,1969
9/24/2019,0,2647
9/25/2019,0,3495
9/26/2019,0,2043
9/27/2019,0,10961
9/28/2019,0,2610
9/29/2019,0,10059
9/30/2019,0,2467
10/1/2019,0,831
10/2/2019,0,2233
10/3/2019,0,1974
10/4/2019,0,2383
10/5/2019,0,4133
10/6/2019,0,2678
10/7/2019,0,1644
10/8/2019,0,2834
10/9/2019,0,2605
10/10/2019,0,2783
10/11/2019,0,3681
10/12/2019,0,4646
10/13/2019,0,4938
10/14/2019,0,2638
10/15/2019,0,2420
10/16/2019,0,1881
10/17/2019,0,321
10/18/2019,0,1925
10/19/2019,0,3671
10/20/2019,0,3015
10/21/2019,0,2439
10/22/2019,0,1653
10/23/2019,0,2272
10/24/2019,0,1853
10/25/2019,0,2332
10/26/2019,0,3748
10/27/2019,0,920
10/28/2019,0,1631
10/29/2019,0,2228
10/30/2019,0,2042
10/31/2019,0,879
4/15/2014,1,1529
4/16/2014,1,3045
4/17/2014,1,5439
4/18/2014,1,4759
4/19/2014,1,4872
4/20/2014,1,4641
4/21/2014,1,5912
4/22/2014,1,4480
4/23/2014,1,8209
4/24/2014,1,9787
4/25/2014,1,10728
4/26/2014,1,2612
4/27/2014,1,5295
4/28/2014,1,9918
4/29/2014,1,11325
4/30/2014,1,5588
5/1/2014,1,8444
5/2/2014,1,11415
5/3/2014,1,7927
5/4/2014,1,3462
5/5/2014,1,11463
5/6/2014,1,13853
5/7/2014,1,15035
5/8/2014,1,15590
5/9/2014,1,13505
5/10/2014,1,11785
5/11/2014,1,10718
5/12/2014,1,16066
5/13/2014,1,14784
5/14/2014,1,16339
5/15/2014,1,17436
5/16/2014,1,8096
5/17/2014,1,9590
5/18/2014,1,10391
5/19/2014,1,11302
5/20/2014,1,17537
5/21/2014,1,18439
5/22/2014,1,12999
5/23/2014,1,16111
5/24/2014,1,12923
5/25/2014,1,12345
5/26/2014,1,12340
5/27/2014,1,8746
5/28/2014,1,13403
5/29/2014,1,18522
5/30/2014,1,16611
5/31/2014,1,13698
6/1/2014,1,13249
6/2/2014,1,17813
6/3/2014,1,12071
6/4/2014,1,18133
6/5/2014,1,15892
6/6/2014,1,17390
6/7/2014,1,14898
6/8/2014,1,13405
6/9/2014,1,18125
6/10/2014,1,17572
6/11/2014,1,15315
6/12/2014,1,6498
6/13/2014,1,7891
6/14/2014,1,11630
6/15/2014,1,13345
6/16/2014,1,18364
6/17/2014,1,18311
6/18/2014,1,19249
6/19/2014,1,21557
6/20/2014,1,18841
6/21/2014,1,12711
6/22/2014,1,12804
6/23/2014,1,16992
6/24/2014,1,5161
6/25/2014,1,16785
6/26/2014,1,20424
6/27/2014,1,19263
6/28/2014,1,13586
6/29/2014,1,12754
6/30/2014,1,15682
7/1/2014,1,13315
7/2/2014,1,19259
7/3/2014,1,17869
7/4/2014,1,17375
7/5/2014,1,13638
7/6/2014,1,12858
7/7/2014,1,12052
7/8/2014,1,17268
7/9/2014,1,19071
7/10/2014,1,20297
7/11/2014,1,19987
7/12/2014,1,14526
7/13/2014,1,7142
7/14/2014,1,18624
7/15/2014,1,15984
7/16/2014,1,20540
7/17/2014,1,19643
7/18/2014,1,19030
7/19/2014,1,14171
7/20/2014,1,12694
7/21/2014,1,18033
7/22/2014,1,18885
7/23/2014,1,14800
7/24/2014,1,20002
7/25/2014,1,18439
7/26/2014,1,12666
7/27/2014,1,9211
7/28/2014,1,7357
7/29/2014,1,17864
7/30/2014,1,16950
7/31/2014,1,15847
8/1/2014,1,18201
8/2/2014,1,13646
8/3/2014,1,12566
8/4/2014,1,16306
8/5/2014,1,17610
8/6/2014,1,18882
8/7/2014,1,17809
8/8/2014,1,18376
8/9/2014,1,12916
8/10/2014,1,12043
8/11/2014,1,17735
8/12/2014,1,17077
8/13/2014,1,3859
8/14/2014,1,15854
8/15/2014,1,12171
8/16/2014,1,6152
8/17/2014,1,10530
8/18/2014,1,16661
8/19/2014,1,18629
8/20/2014,1,18724
8/21/2014,1,17262
8/22/2014,1,17220
8/23/2014,1,13205
8/24/2014,1,12390
8/25/2014,1,17808
8/26/2014,1,19142
8/27/2014,1,17994
8/28/2014,1,18031
8/29/2014,1,18250
8/30/2014,1,11732
8/31/2014,1,8500
9/1/2014,1,10723
9/2/2014,1,15807
9/3/2014,1,19646
9/4/2014,1,20062
9/5/2014,1,17256
9/6/2014,1,8567
9/7/2014,1,12165
9/8/2014,1,18654
9/9/2014,1,18906
9/10/2014,1,19058
9/11/2014,1,13182
9/12/2014,1,15672
9/13/2014,1,5518
9/14/2014,1,8500
9/15/2014,1,15520
9/16/2014,1,16331
9/17/2014,1,16457
9/18/2014,1,15943
9/19/2014,1,15546
9/20/2014,1,10388
9/21/2014,1,7659
9/22/2014,1,13795
9/23/2014,1,14719
9/24/2014,1,16683
9/25/2014,1,17660
9/26/2014,1,17602
9/27/2014,1,12972
9/28/2014,1,11844
9/29/2014,1,14350
9/30/2014,1,15192
10/1/2014,1,15387
10/2/2014,1,16188
10/3/2014,1,16095
10/4/2014,1,3605
10/5/2014,1,7738
10/6/2014,1,13307
10/7/2014,1,10988
10/8/2014,1,8178
10/9/2014,1,12059
10/10/2014,1,12019
10/11/2014,1,7252
10/12/2014,1,6689
10/13/2014,1,6812
10/14/2014,1,14493
10/15/2014,1,13324
10/16/2014,1,8331
10/17/2014,1,12432
10/18/2014,1,6857
10/19/2014,1,6291
10/20/2014,1,9739
10/21/2014,1,7666
10/22/2014,1,10699
10/23/2014,1,7225
10/24/2014,1,10510
10/25/2014,1,6454
10/26/2014,1,6252
10/27/2014,1,10845
10/28/2014,1,10204
10/29/2014,1,11516
10/30/2014,1,11289
10/31/2014,1,10749
11/1/2014,1,5847
11/2/2014,1,5534
11/3/2014,1,8794
11/4/2014,1,9155
11/5/2014,1,9767
11/6/2014,1,9155
11/7/2014,1,7042
11/8/2014,1,5271
11/9/2014,1,4711
11/10/2014,1,8490
11/11/2014,1,9407
11/12/2014,1,6356
11/13/2014,1,7849
11/14/2014,1,6817
11/15/2014,1,3583
4/15/2015,1,7394
4/16/2015,1,9130
4/17/2015,1,10122
4/18/2015,1,5338
4/19/2015,1,6754
4/20/2015,1,5052
4/21/2015,1,6288
4/22/2015,1,6857
4/23/2015,1,6886
4/24/2015,1,7832
4/25/2015,1,7227
4/26/2015,1,7086
4/27/2015,1,9019
4/28/2015,1,13450
4/29/2015,1,13894
4/30/2015,1,14132
5/1/2015,1,15473
5/2/2015,1,13216
5/3/2015,1,12645
5/4/2015,1,14142
5/5/2015,1,17642
5/6/2015,1,18296
5/7/2015,1,18894
5/8/2015,1,19578
5/9/2015,1,11987
5/10/2015,1,9428
5/11/2015,1,7478
5/12/2015,1,12158
5/13/2015,1,17632
5/14/2015,1,18772
5/15/2015,1,17464
5/16/2015,1,10669
5/17/2015,1,12884
5/18/2015,1,11736
5/19/2015,1,17030
5/20/2015,1,16693
5/21/2015,1,17938
5/22/2015,1,14491
5/23/2015,1,11836
5/24/2015,1,12568
5/25/2015,1,8793
5/26/2015,1,18764
5/27/2015,1,18938
5/28/2015,1,15682
5/29/2015,1,20648
5/30/2015,1,13178
5/31/2015,1,10248
6/1/2015,1,12872
6/2/2015,1,12120
6/3/2015,1,18801
6/4/2015,1,20518
6/5/2015,1,14772
6/6/2015,1,14779
6/7/2015,1,12830
6/8/2015,1,9271
6/9/2015,1,11346
6/10/2015,1,18099
6/11/2015,1,18833
6/12/2015,1,11453
6/13/2015,1,15216
6/14/2015,1,14434
6/15/2015,1,15275
6/16/2015,1,11860
6/17/2015,1,20513
6/18/2015,1,18897
6/19/2015,1,19223
6/20/2015,1,14779
6/21/2015,1,10751
6/22/2015,1,18227
6/23/2015,1,16568
6/24/2015,1,13377
6/25/2015,1,19017
6/26/2015,1,19448
6/27/2015,1,13970
6/28/2015,1,3634
6/29/2015,1,15870
6/30/2015,1,16328
7/1/2015,1,7010
7/2/2015,1,19062
7/3/2015,1,19227
7/4/2015,1,14335
7/5/2015,1,13621
7/6/2015,1,18576
7/7/2015,1,16574
7/8/2015,1,20009
7/9/2015,1,20169
7/10/2015,1,19705
7/11/2015,1,14207
7/12/2015,1,13039
7/13/2015,1,18111
7/14/2015,1,18599
7/15/2015,1,20335
7/16/2015,1,20068
7/17/2015,1,16759
7/18/2015,1,11586
7/19/2015,1,9583
7/20/2015,1,18200
7/21/2015,1,11716
7/22/2015,1,18262
7/23/2015,1,18141
7/24/2015,1,16203
7/25/2015,1,12831
7/26/2015,1,11306
7/27/2015,1,15643
7/28/2015,1,17872
7/29/2015,1,18240
7/30/2015,1,16642
7/31/2015,1,17581
8/1/2015,1,12264
8/2/2015,1,12063
8/3/2015,1,15752
8/4/2015,1,17901
8/5/2015,1,17408
8/6/2015,1,17939
8/7/2015,1,16606
8/8/2015,1,12886
8/9/2015,1,11738
8/10/2015,1,16309
8/11/2015,1,9037
8/12/2015,1,15661
8/13/2015,1,17642
8/14/2015,1,13010
8/15/2015,1,12717
8/16/2015,1,11843
8/17/2015,1,16758
8/18/2015,1,16969
8/19/2015,1,17829
8/20/2015,1,17690
8/21/2015,1,16806
8/22/2015,1,12392
8/23/2015,1,11650
8/24/2015,1,16367
8/25/2015,1,17798
8/26/2015,1,18395
8/27/2015,1,17911
8/28/2015,1,18152
8/29/2015,1,11772
8/30/2015,1,11992
8/31/2015,1,17131
9/1/2015,1,18877
9/2/2015,1,18330
9/3/2015,1,19009
9/4/2015,1,18045
9/5/2015,1,11521
9/6/2015,1,10437
9/7/2015,1,8844
9/8/2015,1,17811
9/9/2015,1,17834
9/10/2015,1,19076
9/11/2015,1,18985
9/12/2015,1,6683
9/13/2015,1,4656
9/14/2015,1,11660
9/15/2015,1,18619
9/16/2015,1,19303
9/17/2015,1,19134
9/18/2015,1,18886
9/19/2015,1,10722
9/20/2015,1,11376
9/21/2015,1,16739
9/22/2015,1,18369
9/23/2015,1,18562
9/24/2015,1,17764
9/25/2015,1,15586
9/26/2015,1,10837
9/27/2015,1,10680
9/28/2015,1,12584
9/29/2015,1,10886
9/30/2015,1,10099
10/1/2015,1,14427
10/2/2015,1,13242
10/3/2015,1,8441
10/4/2015,1,7760
10/5/2015,1,13411
10/6/2015,1,14243
10/7/2015,1,14723
10/8/2015,1,14199
10/9/2015,1,6604
10/10/2015,1,7101
10/11/2015,1,6316
10/12/2015,1,8165
10/13/2015,1,10022
10/14/2015,1,12519
10/15/2015,1,11208
10/16/2015,1,11582
10/17/2015,1,5022
10/18/2015,1,5087
10/19/2015,1,9311
10/20/2015,1,12144
10/21/2015,1,11398
10/22/2015,1,10743
10/23/2015,1,10692
10/24/2015,1,6406
10/25/2015,1,4866
10/26/2015,1,9973
10/27/2015,1,10834
10/28/2015,1,5758
10/29/2015,1,9093
10/30/2015,1,9844
10/31/2015,1,6542
11/1/2015,1,3562
11/2/2015,1,10034
11/3/2015,1,10972
11/4/2015,1,10966
11/5/2015,1,11737
11/6/2015,1,9595
11/7/2015,1,6611
11/8/2015,1,5108
11/9/2015,1,9070
11/10/2015,1,9818
11/11/2015,1,9531
11/12/2015,1,5777
11/13/2015,1,6454
11/14/2015,1,4305
11/15/2015,1,3805
4/15/2016,1,8473
4/16/2016,1,8096
4/17/2016,1,9393
4/18/2016,1,5453
4/19/2016,1,11517
4/20/2016,1,12109
4/21/2016,1,13940
4/22/2016,1,8606
4/23/2016,1,10139
4/24/2016,1,8215
4/25/2016,1,11212
4/26/2016,1,11505
4/27/2016,1,11105
4/28/2016,1,11812
4/29/2016,1,12725
4/30/2016,1,10971
5/1/2016,1,4555
5/2/2016,1,9550
5/3/2016,1,15217
5/4/2016,1,14138
5/5/2016,1,16877
5/6/2016,1,17689
5/7/2016,1,13254
5/8/2016,1,5439
5/9/2016,1,12792
5/10/2016,1,17383
5/11/2016,1,18120
5/12/2016,1,19646
5/13/2016,1,14332
5/14/2016,1,11190
5/15/2016,1,6950
5/16/2016,1,10873
5/17/2016,1,14942
5/18/2016,1,18084
5/19/2016,1,17974
5/20/2016,1,19332
5/21/2016,1,13261
5/22/2016,1,12648
5/23/2016,1,12952
5/24/2016,1,19994
5/25/2016,1,18659
5/26/2016,1,20688
5/27/2016,1,17592
5/28/2016,1,16678
5/29/2016,1,13155
5/30/2016,1,18953
5/31/2016,1,20829
6/1/2016,1,22054
6/2/2016,1,14968
6/3/2016,1,23244
6/4/2016,1,17004
6/5/2016,1,4793
6/6/2016,1,17512
6/7/2016,1,19301
6/8/2016,1,17131
6/9/2016,1,14539
6/10/2016,1,20636
6/11/2016,1,13100
6/12/2016,1,9290
6/13/2016,1,18499
6/14/2016,1,22111
6/15/2016,1,22566
6/16/2016,1,23243
6/17/2016,1,22214
6/18/2016,1,16334
6/19/2016,1,14219
6/20/2016,1,19706
6/21/2016,1,21705
6/22/2016,1,16606
6/23/2016,1,21705
6/24/2016,1,13436
6/25/2016,1,13229
6/26/2016,1,12835
6/27/2016,1,14742
6/28/2016,1,14942
6/29/2016,1,17270
6/30/2016,1,21581
7/1/2016,1,11489
7/2/2016,1,11990
7/3/2016,1,13303
7/4/2016,1,20739
7/5/2016,1,22522
7/6/2016,1,22397
7/7/2016,1,21495
7/8/2016,1,20520
7/9/2016,1,7667
7/10/2016,1,10492
7/11/2016,1,21131
7/12/2016,1,22320
7/13/2016,1,21217
7/14/2016,1,19790
7/15/2016,1,19239
7/16/2016,1,14642
7/17/2016,1,13845
7/18/2016,1,18381
7/19/2016,1,20933
7/20/2016,1,21760
7/21/2016,1,21310
7/22/2016,1,19320
7/23/2016,1,10899
7/24/2016,1,13746
7/25/2016,1,14136
7/26/2016,1,20861
7/27/2016,1,21724
7/28/2016,1,21104
7/29/2016,1,19775
7/30/2016,1,15117
7/31/2016,1,14201
8/1/2016,1,18576
8/2/2016,1,20795
8/3/2016,1,20722
8/4/2016,1,19721
8/5/2016,1,18711
8/6/2016,1,13773
8/7/2016,1,12489
8/8/2016,1,19092
8/9/2016,1,21115
8/10/2016,1,20572
8/11/2016,1,20384
8/12/2016,1,14120
8/13/2016,1,6490
8/14/2016,1,10446
8/15/2016,1,19620
8/16/2016,1,10364
8/17/2016,1,20100
8/18/2016,1,20840
8/19/2016,1,19946
8/20/2016,1,13650
8/21/2016,1,6433
8/22/2016,1,18161
8/23/2016,1,20491
8/24/2016,1,20705
8/25/2016,1,17234
8/26/2016,1,20095
8/27/2016,1,14249
8/28/2016,1,11868
8/29/2016,1,19512
8/30/2016,1,20127
8/31/2016,1,19829
9/1/2016,1,20868
9/2/2016,1,19670
9/3/2016,1,12166
9/4/2016,1,11282
9/5/2016,1,11585
9/6/2016,1,20763
9/7/2016,1,21655
9/8/2016,1,14768
9/9/2016,1,21602
9/10/2016,1,13911
9/11/2016,1,11413
9/12/2016,1,19955
9/13/2016,1,21472
9/14/2016,1,19641
9/15/2016,1,20340
9/16/2016,1,20111
9/17/2016,1,11000
9/18/2016,1,11840
9/19/2016,1,19915
9/20/2016,1,21071
9/21/2016,1,21298
9/22/2016,1,19030
9/23/2016,1,16263
9/24/2016,1,12347
9/25/2016,1,11606
9/26/2016,1,17363
9/27/2016,1,18730
9/28/2016,1,18768
9/29/2016,1,18666
9/30/2016,1,17817
10/1/2016,1,11615
10/2/2016,1,7938
10/3/2016,1,17055
10/4/2016,1,18165
10/5/2016,1,18855
10/6/2016,1,19237
10/7/2016,1,17951
10/8/2016,1,4675
10/9/2016,1,7440
10/10/2016,1,7363
10/11/2016,1,16170
10/12/2016,1,17410
10/13/2016,1,12846
10/14/2016,1,15391
10/15/2016,1,10310
10/16/2016,1,5169
10/17/2016,1,14769
10/18/2016,1,13139
10/19/2016,1,16822
10/20/2016,1,9725
10/21/2016,1,5031
10/22/2016,1,2730
10/23/2016,1,5702
10/24/2016,1,11279
10/25/2016,1,11647
10/26/2016,1,11460
10/27/2016,1,9071
10/28/2016,1,8136
10/29/2016,1,3943
10/30/2016,1,6078
10/31/2016,1,10452
11/1/2016,1,11014
11/2/2016,1,13272
11/3/2016,1,7921
11/4/2016,1,10237
11/5/2016,1,6232
11/6/2016,1,5959
11/7/2016,1,10549
11/8/2016,1,12322
11/9/2016,1,10779
11/10/2016,1,10340
11/11/2016,1,8695
11/12/2016,1,5378
11/13/2016,1,5736
11/14/2016,1,10026
11/15/2016,1,10035
4/15/2017,1,7650
4/16/2017,1,3013
4/17/2017,1,6879
4/18/2017,1,11887
4/19/2017,1,6205
4/20/2017,1,11367
4/21/2017,1,7405
4/22/2017,1,8397
4/23/2017,1,11440
4/24/2017,1,12025
4/25/2017,1,9645
4/26/2017,1,12192
4/27/2017,1,17970
4/28/2017,1,17482
4/29/2017,1,13748
4/30/2017,1,6571
5/1/2017,1,3663
5/2/2017,1,15348
5/3/2017,1,15788
5/4/2017,1,18288
5/5/2017,1,5450
5/6/2017,1,11042
5/7/2017,1,7933
5/8/2017,1,12601
5/9/2017,1,14581
5/10/2017,1,16943
5/11/2017,1,17358
5/12/2017,1,20153
5/13/2017,1,13366
5/14/2017,1,7065
5/15/2017,1,18350
5/16/2017,1,22789
5/17/2017,1,23971
5/18/2017,1,22404
5/19/2017,1,20685
5/20/2017,1,15545
5/21/2017,1,13313
5/22/2017,1,6668
5/23/2017,1,21860
5/24/2017,1,23485
5/25/2017,1,15247
5/26/2017,1,14238
5/27/2017,1,18009
5/28/2017,1,18439
5/29/2017,1,11410
5/30/2017,1,16303
5/31/2017,1,21302
6/1/2017,1,22847
6/2/2017,1,18056
6/3/2017,1,14862
6/4/2017,1,16646
6/5/2017,1,8385
6/6/2017,1,14874
6/7/2017,1,26047
6/8/2017,1,26582
6/9/2017,1,24732
6/10/2017,1,20604
6/11/2017,1,17851
6/12/2017,1,23048
6/13/2017,1,26520
6/14/2017,1,26434
6/15/2017,1,26973
6/16/2017,1,15643
6/17/2017,1,19739
6/18/2017,1,17658
6/19/2017,1,22540
6/20/2017,1,19930
6/21/2017,1,23788
6/22/2017,1,25830
6/23/2017,1,13201
6/24/2017,1,15808
6/25/2017,1,14914
6/26/2017,1,21959
6/27/2017,1,21590
6/28/2017,1,23769
6/29/2017,1,17842
6/30/2017,1,15957
7/1/2017,1,11250
7/2/2017,1,15258
7/3/2017,1,21922
7/4/2017,1,27244
7/5/2017,1,28362
7/6/2017,1,27313
7/7/2017,1,22465
7/8/2017,1,16772
7/9/2017,1,18200
7/10/2017,1,22081
7/11/2017,1,26042
7/12/2017,1,24684
7/13/2017,1,24202
7/14/2017,1,18424
7/15/2017,1,18461
7/16/2017,1,17425
7/17/2017,1,22472
7/18/2017,1,27449
7/19/2017,1,25248
7/20/2017,1,25805
7/21/2017,1,23497
7/22/2017,1,20072
7/23/2017,1,18215
7/24/2017,1,9653
7/25/2017,1,23762
7/26/2017,1,25310
7/27/2017,1,24376
7/28/2017,1,25465
7/29/2017,1,19734
7/30/2017,1,18195
7/31/2017,1,21212
8/1/2017,1,25834
8/2/2017,1,25162
8/3/2017,1,25757
8/4/2017,1,18085
8/5/2017,1,14078
8/6/2017,1,15530
8/7/2017,1,21934
8/8/2017,1,25795
8/9/2017,1,25934
8/10/2017,1,25735
8/11/2017,1,24579
8/12/2017,1,15298
8/13/2017,1,17695
8/14/2017,1,23956
8/15/2017,1,19711
8/16/2017,1,26019
8/17/2017,1,25626
8/18/2017,1,16124
8/19/2017,1,17837
8/20/2017,1,16945
8/21/2017,1,23189
8/22/2017,1,18058
8/23/2017,1,24079
8/24/2017,1,24596
8/25/2017,1,23516
8/26/2017,1,16091
8/27/2017,1,16877
8/28/2017,1,23797
8/29/2017,1,25009
8/30/2017,1,25711
8/31/2017,1,23088
9/1/2017,1,20974
9/2/2017,1,15213
9/3/2017,1,3732
9/4/2017,1,10898
9/5/2017,1,22312
9/6/2017,1,22651
9/7/2017,1,17566
9/8/2017,1,22247
9/9/2017,1,15813
9/10/2017,1,15417
9/11/2017,1,23485
9/12/2017,1,24973
9/13/2017,1,25676
9/14/2017,1,25972
9/15/2017,1,25408
9/16/2017,1,18288
9/17/2017,1,16684
9/18/2017,1,23885
9/19/2017,1,25517
9/20/2017,1,25720
9/21/2017,1,25950
9/22/2017,1,24864
9/23/2017,1,18019
9/24/2017,1,16389
9/25/2017,1,23092
9/26/2017,1,24707
9/27/2017,1,21643
9/28/2017,1,23837
9/29/2017,1,22074
9/30/2017,1,14637
10/1/2017,1,13195
10/2/2017,1,22103
10/3/2017,1,23308
10/4/2017,1,19219
10/5/2017,1,22452
10/6/2017,1,21426
10/7/2017,1,10072
10/8/2017,1,10539
10/9/2017,1,4286
10/10/2017,1,21430
10/11/2017,1,19685
10/12/2017,1,20267
10/13/2017,1,19845
10/14/2017,1,13047
10/15/2017,1,8670
10/16/2017,1,16192
10/17/2017,1,17714
10/18/2017,1,20047
10/19/2017,1,19891
10/20/2017,1,19508
10/21/2017,1,13969
10/22/2017,1,12517
10/23/2017,1,18942
10/24/2017,1,10975
10/25/2017,1,19400
10/26/2017,1,12577
10/27/2017,1,17045
10/28/2017,1,13000
10/29/2017,1,4842
10/30/2017,1,11936
10/31/2017,1,14463
11/1/2017,1,13716
11/2/2017,1,6690
11/3/2017,1,12711
11/4/2017,1,8819
11/5/2017,1,4533
11/6/2017,1,11247
11/7/2017,1,12241
11/8/2017,1,12299
11/9/2017,1,11777
11/10/2017,1,6906
11/11/2017,1,5195
11/12/2017,1,5067
11/13/2017,1,8849
11/14/2017,1,10019
11/15/2017,1,10215
4/10/2018,1,2847
4/11/2018,1,8884
4/12/2018,1,9002
4/13/2018,1,11581
4/14/2018,1,6103
4/15/2018,1,3326
4/16/2018,1,2606
4/17/2018,1,6052
4/18/2018,1,9046
4/19/2018,1,10421
4/20/2018,1,11964
4/21/2018,1,12642
4/22/2018,1,13134
4/23/2018,1,18509
4/24/2018,1,20608
4/25/2018,1,7565
4/26/2018,1,6881
4/27/2018,1,17821
4/28/2018,1,13049
4/29/2018,1,3991
4/30/2018,1,10943
5/1/2018,1,20321
5/2/2018,1,21481
5/3/2018,1,12120
5/4/2018,1,14862
5/5/2018,1,17898
5/6/2018,1,17342
5/7/2018,1,22376
5/8/2018,1,26243
5/9/2018,1,27067
5/10/2018,1,20959
5/11/2018,1,21813
5/12/2018,1,19127
5/13/2018,1,17395
5/14/2018,1,25412
5/15/2018,1,20768
5/16/2018,1,26949
5/17/2018,1,25409
5/18/2018,1,24712
5/19/2018,1,10874
5/20/2018,1,14555
5/21/2018,1,18599
5/22/2018,1,19754
5/23/2018,1,27068
5/24/2018,1,27867
5/25/2018,1,26446
5/26/2018,1,17708
5/27/2018,1,14788
5/28/2018,1,24107
5/29/2018,1,30119
5/30/2018,1,30575
5/31/2018,1,29591
6/1/2018,1,29100
6/2/2018,1,25096
6/3/2018,1,22642
6/4/2018,1,8500
6/5/2018,1,24910
6/6/2018,1,27221
6/7/2018,1,28904
6/8/2018,1,30364
6/9/2018,1,24425
6/10/2018,1,21405
6/11/2018,1,28570
6/12/2018,1,30573
6/13/2018,1,22450
6/14/2018,1,18302
6/15/2018,1,29577
6/16/2018,1,23576
6/17/2018,1,20356
6/18/2018,1,19846
6/19/2018,1,30566
6/20/2018,1,27343
6/21/2018,1,30337
6/22/2018,1,28606
6/23/2018,1,15386
6/24/2018,1,10099
6/25/2018,1,19465
6/26/2018,1,28453
6/27/2018,1,27898
6/28/2018,1,27680
6/29/2018,1,28483
6/30/2018,1,18696
7/1/2018,1,14964
7/2/2018,1,16227
7/3/2018,1,26838
7/4/2018,1,28012
7/5/2018,1,27252
7/6/2018,1,28903
7/7/2018,1,22577
7/8/2018,1,19824
7/9/2018,1,27497
7/10/2018,1,29658
7/11/2018,1,30696
7/12/2018,1,30791
7/13/2018,1,29194
7/14/2018,1,21521
7/15/2018,1,21023
7/16/2018,1,27595
7/17/2018,1,27060
7/18/2018,1,31664
7/19/2018,1,30906
7/20/2018,1,29010
7/21/2018,1,21914
7/22/2018,1,13427
7/23/2018,1,25572
7/24/2018,1,24294
7/25/2018,1,13699
7/26/2018,1,26559
7/27/2018,1,27944
7/28/2018,1,20483
7/29/2018,1,19797
7/30/2018,1,27167
7/31/2018,1,29085
8/1/2018,1,27916
8/2/2018,1,29025
8/3/2018,1,27377
8/4/2018,1,17733
8/5/2018,1,19012
8/6/2018,1,23510
8/7/2018,1,23688
8/8/2018,1,24040
8/9/2018,1,27716
8/10/2018,1,27993
8/11/2018,1,20575
8/12/2018,1,18548
8/13/2018,1,26399
8/14/2018,1,27826
8/15/2018,1,27912
8/16/2018,1,29434
8/17/2018,1,19698
8/18/2018,1,20788
8/19/2018,1,19397
8/20/2018,1,27003
8/21/2018,1,27198
8/22/2018,1,23004
8/23/2018,1,29222
8/24/2018,1,28281
8/25/2018,1,20140
8/26/2018,1,13607
8/27/2018,1,26527
8/28/2018,1,26140
8/29/2018,1,27352
8/30/2018,1,28782
8/31/2018,1,27307
9/1/2018,1,17377
9/2/2018,1,11013
9/3/2018,1,12792
9/4/2018,1,29472
9/5/2018,1,29326
9/6/2018,1,30153
9/7/2018,1,29688
9/8/2018,1,19864
9/9/2018,1,17559
9/10/2018,1,22249
9/11/2018,1,21079
9/12/2018,1,29407
9/13/2018,1,30485
9/14/2018,1,29809
9/15/2018,1,20885
9/16/2018,1,19019
9/17/2018,1,28267
9/18/2018,1,27602
9/19/2018,1,26515
9/20/2018,1,26715
9/21/2018,1,15585
9/22/2018,1,18071
9/23/2018,1,15314
9/24/2018,1,22864
9/25/2018,1,16055
9/26/2018,1,19092
9/27/2018,1,26090
9/28/2018,1,25538
9/29/2018,1,15958
9/30/2018,1,13308
10/1/2018,1,22164
10/2/2018,1,11202
10/3/2018,1,21317
10/4/2018,1,20830
10/5/2018,1,19983
10/6/2018,1,10839
10/7/2018,1,9380
10/8/2018,1,6989
10/9/2018,1,22614
10/10/2018,1,17833
10/11/2018,1,12993
10/12/2018,1,19268
10/13/2018,1,11640
10/14/2018,1,11825
10/15/2018,1,12718
10/16/2018,1,17481
10/17/2018,1,16694
10/18/2018,1,15542
10/19/2018,1,18581
10/20/2018,1,11073
10/21/2018,1,8559
10/22/2018,1,15127
10/23/2018,1,16191
10/24/2018,1,13589
10/25/2018,1,14845
10/26/2018,1,15000
10/27/2018,1,7309
10/28/2018,1,4545
10/29/2018,1,9966
10/30/2018,1,14231
10/31/2018,1,8933
11/1/2018,1,13926
11/2/2018,1,9689
11/3/2018,1,4366
11/4/2018,1,8300
11/5/2018,1,9759
11/6/2018,1,10009
11/7/2018,1,13370
11/8/2018,1,13395
11/9/2018,1,9222
11/10/2018,1,5848
11/11/2018,1,5433
11/12/2018,1,10225
11/13/2018,1,6956
11/14/2018,1,6938
11/15/2018,1,7260
4/14/2019,1,5910
4/15/2019,1,6935
4/16/2019,1,12777
4/17/2019,1,17184
4/18/2019,1,12360
4/19/2019,1,4211
4/20/2019,1,5773
4/21/2019,1,10709
4/22/2019,1,15877
4/23/2019,1,18253
4/24/2019,1,9812
4/25/2019,1,18092
4/26/2019,1,7621
4/27/2019,1,6750
4/28/2019,1,11630
4/29/2019,1,18208
4/30/2019,1,20734
5/1/2019,1,15224
5/2/2019,1,17805
5/3/2019,1,13407
5/4/2019,1,18729
5/5/2019,1,20343
5/6/2019,1,26628
5/7/2019,1,25403
5/8/2019,1,25660
5/9/2019,1,22377
5/10/2019,1,12081
5/11/2019,1,17850
5/12/2019,1,17512
5/13/2019,1,21608
5/14/2019,1,13891
5/15/2019,1,25625
5/16/2019,1,26840
5/17/2019,1,20674
5/18/2019,1,16750
5/19/2019,1,13914
5/20/2019,1,16164
5/21/2019,1,24067
5/22/2019,1,29014
5/23/2019,1,18272
5/24/2019,1,25457
5/25/2019,1,17968
5/26/2019,1,20862
5/27/2019,1,26219
5/28/2019,1,21683
5/29/2019,1,27726
5/30/2019,1,28258
5/31/2019,1,28154
6/1/2019,1,21689
6/2/2019,1,12525
6/3/2019,1,23967
6/4/2019,1,26140
6/5/2019,1,26963
6/6/2019,1,32822
6/7/2019,1,31861
6/8/2019,1,25197
6/9/2019,1,23152
6/10/2019,1,29719
6/11/2019,1,24758
6/12/2019,1,32420
6/13/2019,1,26909
6/14/2019,1,21181
6/15/2019,1,13117
6/16/2019,1,21094
6/17/2019,1,30700
6/18/2019,1,32991
6/19/2019,1,33325
6/20/2019,1,19323
6/21/2019,1,30293
6/22/2019,1,21564
6/23/2019,1,20250
6/24/2019,1,19664
6/25/2019,1,21057
6/26/2019,1,30418
6/27/2019,1,32270
6/28/2019,1,29640
6/29/2019,1,18353
6/30/2019,1,17685
7/1/2019,1,21244
7/2/2019,1,33732
7/3/2019,1,34424
7/4/2019,1,33340
7/5/2019,1,28579
7/6/2019,1,22736
7/7/2019,1,23463
7/8/2019,1,31405
7/9/2019,1,33692
7/10/2019,1,34708
7/11/2019,1,19271
7/12/2019,1,31242
7/13/2019,1,22379
7/14/2019,1,20444
7/15/2019,1,30782
7/16/2019,1,31585
7/17/2019,1,33512
7/18/2019,1,34335
7/19/2019,1,29232
7/20/2019,1,21099
7/21/2019,1,20406
7/22/2019,1,29436
7/23/2019,1,32224
7/24/2019,1,33520
7/25/2019,1,33711
7/26/2019,1,31542
7/27/2019,1,23416
7/28/2019,1,20528
7/29/2019,1,29350
7/30/2019,1,29331
7/31/2019,1,32193
8/1/2019,1,33093
8/2/2019,1,31091
8/3/2019,1,22188
8/4/2019,1,21329
8/5/2019,1,29989
8/6/2019,1,31020
8/7/2019,1,28136
8/8/2019,1,28393
8/9/2019,1,27387
8/10/2019,1,19092
8/11/2019,1,20677
8/12/2019,1,23753
8/13/2019,1,30933
8/14/2019,1,30953
8/15/2019,1,31555
8/16/2019,1,29406
8/17/2019,1,20325
8/18/2019,1,20474
8/19/2019,1,27647
8/20/2019,1,31703
8/21/2019,1,27923
8/22/2019,1,31226
8/23/2019,1,29570
8/24/2019,1,21260
8/25/2019,1,21342
8/26/2019,1,29555
8/27/2019,1,31551
8/28/2019,1,16905
8/29/2019,1,31694
8/30/2019,1,25159
8/31/2019,1,19157
9/1/2019,1,18695
9/2/2019,1,11436
9/3/2019,1,30661
9/4/2019,1,25233
9/5/2019,1,32217
9/6/2019,1,30265
9/7/2019,1,15528
9/8/2019,1,17644
9/9/2019,1,28077
9/10/2019,1,24117
9/11/2019,1,28482
9/12/2019,1,30684
9/13/2019,1,29441
9/14/2019,1,18244
9/15/2019,1,18193
9/16/2019,1,28329
9/17/2019,1,30079
9/18/2019,1,30016
9/19/2019,1,30362
9/20/2019,1,29973
9/21/2019,1,22531
9/22/2019,1,19000
9/23/2019,1,18778
9/24/2019,1,27450
9/25/2019,1,28534
9/26/2019,1,22068
9/27/2019,1,29397
9/28/2019,1,12153
9/29/2019,1,17384
9/30/2019,1,24453
10/1/2019,1,13186
10/2/2019,1,24314
10/3/2019,1,22568
10/4/2019,1,21439
10/5/2019,1,15480
10/6/2019,1,12866
10/7/2019,1,16645
10/8/2019,1,25392
10/9/2019,1,24125
10/10/2019,1,24978
10/11/2019,1,23561
10/12/2019,1,13427
10/13/2019,1,12941
10/14/2019,1,11096
10/15/2019,1,22408
10/16/2019,1,20489
10/17/2019,1,5295
10/18/2019,1,19293
10/19/2019,1,14273
10/20/2019,1,11847
10/21/2019,1,21543
10/22/2019,1,16880
10/23/2019,1,20907
10/24/2019,1,19920
10/25/2019,1,20005
10/26/2019,1,14271
10/27/2019,1,3474
10/28/2019,1,17874
10/29/2019,1,21168
10/30/2019,1,20983
10/31/2019,1,9316
